message in EN, message in LTU
"Air",""
"Air & Climate",""
"All",""
"All News on",""
"All Publication on",""
"Article",""
"Climate",""
"Countries",""
"Download as PDF",""
"EEA activities",""
"EEA homepage in your language",""
"EU policies",""
"Economic",""
"Economic sectors",""
"Featured",""
"Featured content",""
"Infographic",""
"Intro",""
"Log in to CMS",""
"Metadata sheet on semantic",""
"More photos",""
"Nature",""
"News",""
"No recent content is available for this topic",""
"Publication",""
"Search",""
"Search topics",""
"Share on Blogger",""
"Share on LinkedIn",""
"Share on StumbleUpon",""
"Share on reddit",""
"Sustainability",""
"Sustainability and well-being",""
"Switch language to",""
"The EEA is an agency of the European Union",""
"content",""
"sectors",""
"topics",""
"well-being",""
